Number,Name,Address,Latitude,Longitude
2010,02010 - CONFLUENCE DARSE,ANGLE ALEE ANDRE MURE ET QUAI ANTOINE RIBOUD,45.743317,4.815747
5015,5015 - FULCHIRON,Devant le n°41 rue de la Quarantaine,45.75197,4.821662
6004,6004 - FOCH (FAR),Angle rue Vendôme,45.768896,4.844845
7035,7035 - MARSEILLE / UNIVERSITÉ (FAR),Angle rue de Marseille,45.750945,4.83927
10120,10120 - SALENGRO / DESCARTES,41 AV. ROGER SALENGRO (VILLEURBANNE),45.7759505002626,4.87143421497628
5016,5016 - MAIRIE DU 5°,Devant la mairie du 5°,45.757581,4.801023
9013,9013 - QUAI PAUL SÉDALLIAN,Angle rue de la Navigation,45.787522,4.814418
10028,10028 - ECOLE DE MUSIQUE,Cours de la République/Angle Anatole France,45.767467,4.874032
6041,6041 - CITÉ INTERNATIONALE / TÊTE D'OR NORD,50 QUAI ACHILLE LIGNON,45.78458,4.859664
10011,10011 - GRATTE CIEL,174 COURS EMILE ZOLA,45.769226,4.880491
10005,10005 - BOULEVARD DU 11 NOVEMBRE,Face Entrée du Parc de la Tête d'Or,45.779702,4.860029
4012,4012 - PLACE ADRIEN GODIEN,Angle montée de la Boucle,45.779186,4.840917
3009,3009 - MUSEE AFRICAIN,133 COURS GAMBETTA,45.750251,4.857919
10122,10122 - VERDUN / DESGRAND,17 RUE DE VERDUN (VILLEURBANNE),45.784023,4.897102
7038,7038 - PLACE STALINGRAD,Angle Rue de la Guillotiere,45.749622,4.85299
10091,10091 - CHÂTEAU GAILLARD / FORT,28 RUE DU CHÂTEAU GAILLARD (VILLEURBANNE),45.774754,4.887977
4025,4025 - CHAZIÈRE,29 RUE CHAZIERE,45.775425,4.817888
10113,10113 - GARE DE VILLEURBANNE,49 AV. GENERAL LECLERC (VILLEURBANNE),45.755768,4.891542
4023,4023 - PONT MAZARYK,Face au 45 quai Gillet,45.777961,4.810523
3066,3066 - KIMMERLING / FAURE,139 AV. FELIX FAURE,45.754296,4.86359
10111,10111 - CHARLES HERNU,106 COURS VITTON (LYON 6ème),45.770309,4.86196
5040,5040 - PLACE CRÉPU,7 PLACE BENOIT CREPU,45.757847,4.826103
7008,7008 - JEAN JAURÈS / GUILLOTIÈRE,Avenue Jean Jaurès - Angle rue de la Guillotière,45.75251,4.846278
7024,7024 - BANCEL / CHEVREUL,6 RUE BANCEL,45.748504,4.840505
2023,2023 -  HUGO / STE HÉLÈNE,Entre rue Victor Hugo et rue d'Auvergne,45.754688,4.829927
8029,8029 - ETATS UNIS LEVIGNE,81 BVD DES Etats-Unis,45.732366,4.865101
4004,4004 - HÉNON,Angle rue Hénon,45.779786,4.827635
8061,8061 - STADE VUILLERMET,164 AV. PAUL SANTY,45.725403,4.881292
1023,1023 - CROIX ROUSSE / PERFETTI,16 BVD DE LA CROIX-ROUSSE,45.772229,4.819389
7003,7003 - GAMBETTA / GARIBALDI (FAR),Cours Gambette - Prolongement rue Rachais,45.751827,4.8526
7030,7030 - QUARTIER GENERAL FRERE,33 Boulevard Yves Farge 69007 Lyon,45.743163,4.834165
6042,6042 - CITÉ INTERNATIONALE - RÉSIDENCE HÔTELIÈRE,devant la résidence hôtelière à l'ouest de la place publique,45.784812,4.856432
2013,2013 - CÉLESTINS,Côté nord de la place, vers l'ascenseur,45.759932,4.832111
3086,3086 - FEUILLAT / LACASSAGNE,76 AV. LACASSAGNE,45.749563,4.875934
8025,8025 - DUMONT / JOUVET,12 RUE SANTOS DUMONT,45.744447,4.860889
8056,8056 - DELORE / AUDIBERT ET LAVIROTTE,69 RUE AUDIBERT ET LAVIROTTE,45.73586,4.856888
10119,10119 - VILLEURBANNE SAINT JEAN,2 RUE DES ACACIAS VILLEURBANNE,45.780422,4.904505
7053,7053 - JAURÈS / THIBAUDIÈRE,26 RUE DE LA THIBAUDIERE,45.750344,4.845048
3012,3012 - PLACE DU CHÂTEAU,A côté de l'église,45.749565,4.887311
4009,4009 - JACQUARD / DENFERT-ROCHEREAU,Rue Denfert-Rochereau / Angle rue Jacquart,45.77591,4.825394
10089,10089 - COLIN / PERRONCEL,Rue Colin - Angle rue Alexis Perroncel,45.774581,4.87406
1031,1031 - PLACE DE LA PAIX,Place de la Paix - En face de La Poste,45.768023,4.831733
3037,3037 - PAUL BERT / GARIBALDI,Rue Paul Bert,45.757112,4.853405
8035,8035 - SANS SOUCI,54 COURS ALBERT THOMAS,45.747251,4.865386
5045,5045 - VALDO / RIVET,64 RUE JEUNET,45.750205,4.792193
6035,6035 - CITÉ INTERNATIONALE,Face parvis du palais des congrès,45.785456,4.854085
1036,1036 - AVEYRON,158 BVD DE LA CROIX-ROUSSE,45.774366,4.832716
6022,6022- PLACE MARÉCHAL LYAUTEY,Pierre Corneille/cours Franklin Roosevelt,45.7694,4.842584
9020,9020 - BOURBONNAIS,Angle rue Horand / rue Masset,45.773468,4.800286
2016,2016 - PLACE REGAUD,Angle rue Tupin / rue Herriot,45.763065,4.83425
3080,3080 - PART-DIEU / VILLETTE (FAR),55 RUE DE LA VILLETTE,45.760042,4.861734
5029,5029 - PLACE GERSON,Prox. Quai Pierre Scize,45.767057,4.827014
2004,2004 - PERRACHE / CARNOT,16 PLACE CARNOT,45.750116,4.82801
10079,10079 - ANATOLE FRANCE / BARBUSSE,Rue Anatole France/Angle av Barbusse,45.768127,4.879096
7009,7009 - JEAN JAURÈS,174–180 Avenue Jean Jaurès 69007 Lyon,45.737503,4.837484
7045,7045 - PARC DES BERGES,40 AV. LECLERC,45.737745,4.824495
3101,3101 - PATINOIRE BARABAN,55 RUE DE BARABAN,45.762055,4.868486
4021,4021 - TABAREAU,Angle Bvd de la Croix-Rousse,45.774061,4.82516
3103,3103 - PLACE DANTON,3 PLACE DANTON,45.7548502313005,4.85748756866509
6031,6031 - LAFAYETTE/CORNEILLE,Angle cours Lafayette,45.763717,4.843791
10018,10018 - TOLSTOÏ / FLORIAN,Rue Florian/Angle Cours Tolstoï,45.761801,4.880735
9049,9049 - SERGENT BERTHET / GORGE DE LOUP,23 RUE GORGE DE LOUP,45.770136,4.80516
7023,7023 - BERTHELOT / ROUTE DE VIENNE,Route de Vienne - Angle avenue Berthelot,45.742639,4.850538
6044,6044 - CHARMETTES / BELLECOMBE,23 RUE DE LA VIABERT,45.766372,4.865058
3008,3008 - INSTITUT LUMIERE,105 COURS ALBERT THOMAS,45.745828,4.870631
8042,8042 - FRANCIS DE PRESSENSÉ,73 RUE CAZENEUVE,45.731361,4.860139
9044,9044 - MASSET / SAINT PIERRE DE VAISE,20 AV. JOANNES MASSET,45.770508,4.800869
10075,10075 - GABRIEL PÉRI,Angle cours André Philip,45.772277,4.865774
4006,4006 - PHILIPPE DE LASSALLE,Angle rue Anselme, face à l'IUFM,45.773358,4.821234
2036,2036 - PLACE GOURJU,11 PLACE ANTONIN GOURJU,45.759494,4.830161
6002,6002 - PORTE DES ENFANTS DU RHÔNE (FAR),Le long des grilles, côté ouest de la porte,45.777521,4.844922
6032,6032 - PRÉFECTURE / SARRAIL,Angle rue Vauban,45.764821,4.841567
10016,10016 - PLACE DE LA PAIX,10 PLACE DE LA PAIX (VILLEURBANNE),45.752074,4.91466
7033,7033 - ST LUC / ST JOSEPH (FAR),Sur le quai haut,45.749431,4.834816
7041,7041 - DOMER / CHEVREUL,Rue Domer/angle rue Chevreul,45.746681,4.844455
8008,8008 - BEAUVISAGE / PRESSENSÉ,Rue du Professeur Beauvisage,45.727881,4.86355
3071,3071 - BIOPARC,angle ave Rockfeller / cours Eugénie face au Bioparc,45.740492,4.888084
5006,5006 - QUAI ROMAIN ROLLAND,Face ancien Palais de Justice,45.7620452080746,4.82872732991442
10014,10014 - GARE L. BONNEVAY,64 AV. MARCEL CERDAN,45.765214,4.909808
10004,10004 - TONKIN,Rue Salvador Allende / Angle promenade du Lys,45.776217,4.862636
1013,1013 - MARTINIÈRE,Rue de la Martinière,45.768223,4.827533
9010,9010 - PISCINE DE VAISE,37 AV. SIDOINE APOLLINAIRE,45.771034,4.79644
6028,6028 - RECAMMIER / TÊTE D'OR,Angle rue Tête d'Or,45.764345,4.853492
10034,10034 - DOCTEUR DAMIDOT,Devant la MJC,45.761825,4.886156
3058,3058 - PLACE DU LAC,Face à la poste,45.758974,4.853599
6045,6045 - BROTTEAUX / VAUBAN,44 BVD DES BROTTEAUX,45.766284,4.856848
5047,5047 - ALBÉRIC PONT,2B RUE DR. ALBERIC PONT,45.753452,4.804401
8053,8053 - LUMIERE / TROUILHET,6 RUE ANTOINE LUMIERE,45.743569,4.870083
9008,9008 - L'ILE BARBE,3 QUAI PAUL SEDAILLAN,45.797415,4.829038
4042,4042 - GREGORY COUPET,94 RUE PHILIPPE DE LASALLE,45.781699,4.820596
10053,10053 - ROSSELINI / 11 NOVEMBRE,1 PLACE DE CROIX LUIZET,45.77939,4.863068
10110,10110 - MÉMOIRE ET SOCIÉTÉ,20 RUE VALENTIN HAUY (VILLEURBANNE),45.75958,4.882739
6021,6021- GARIBALDI,Entre rue Crillon et rue Sully,45.770664,4.849946
5053,5053 - SAINT JUST,1 PLACE DE L'ABBE LARUE,45.75597,4.818904
8058,8058 - LONGEFER / KRUGER,10 RUE PDT P. KRUGER,45.738671,4.878117
2037,2037 - PLACE DES ARCHIVES,12 COURS CHARLEMAGNE,45.747956,4.824898
2026,2026 - RÉPUBLIQUE / PAUFIQUE,Angle rue de la République,45.759379,4.835414
9003,9003 - PLACE VALMY,Rue Roquette / angle rue de Bourgogne,45.775679,4.805314
2038,2038 - REMPARTS D'AINAY,16 RUE DES REMPARTS D'AINAY,45.753077,4.829706
8054,8054 - MARTINIERE MONPLAISIR,34 RUE ANTOINE LUMIERE,45.740865,4.868244
7039,7039 - GUILLOTIÈRE / MADELEINE,Angle rue de la Madeleine,45.751073,4.848018
2012,2012 - GAILLETON,3 PLACE GAILLETON,45.753455,4.833367
7006,7006 - GERLAND,Avenue Jean Jaurès - Au niveau du square Galtier,45.727494,4.831145
8011,8011 - PLACE LEBRET,Côté route de Vienne,45.735653,4.853042
1006,1006- SUBSISTANCES,12 QUAI ST VINCENT,45.76791,4.819845
4002,4002 - MAIRIE DU 4°,Devant la mairie du 4°,45.774193,4.827743
4007,4007 - PLACE FLAMMARION,Côté Rue Philippe de Lassalle,45.779332,4.820259
10092,10092 - MONTGOLFIER / CHATEAU GAILLARD,3 RUE DU CHAMP DE L'ORME (VILLEURBANNE),45.771561,4.890378
10024,10024 - MAISONS NEUVES,Place des Maisons Neuves/Côté rue Jean Jaurès,45.7563424627814,4.87833622546792
1034,1034 - CARMÉLITES,30 MONTEE DES CARMELITES,45.770006,4.829274
3013,3013 - PLACE ANTOINETTE,Place Antoinette,45.753683,4.889285
10008,10008 - SALENGRO / VAILLANT,Rue Roger Salengro - Angle rue Vaillant,45.778385,4.879673
3083,3083 - LES HALLES,118 RUE MONCEY,45.761595,4.850477
6024,6024 - TRONCHET / ANATOLE FRANCE,Angle bvd Anatole France,45.770743,4.856713
8006,8006 - PLACE DU 8 MAI 1945,Rue Professeur Beauvisage/Angle bd des Etats-Unis,45.729771,4.868157
9052,9052 - BALMONT,360 BVD DE BALMONT,45.789194,4.799308
12002,12002 - POUDRETTE LA SOIE,Face au 2 rue de la Poudrette, Vaulx en Velin,45.76438,4.919276
10012,10012 - ZOLA / FRANCE,Rue de France/Angle Cours Emile Zola,45.767957,4.887232
4022,4022 - PLACE DE LA CROIX-ROUSSE,Prox. Grande rue de la Croix-Rousse,45.77608,4.832543
10047,10047 - LHERMINIER/PRESSENSÉ,Avenue du Cdt Lherminier/Angle rue F. de Pressensé,45.771143,4.88504
10049,10049 - PRESSENSÉ,Rue Francis de Pressensé/angle 8 mai 1945,45.769158,4.89678
7021,7021- CHALLEMEL LACOUR / GERLAND,176–180 Rue de Gerland 69007 Lyon,45.729791,4.838138
3004,3004 - BOURSE DU TRAVAIL (FAR),Angle rue Moncey / Part-Dieu,45.759648,4.848139
3016,3016 - LIBERTÉ / PART-DIEU (FAR),Angle rue de la Part-Dieu,45.759361,4.842308
2003,2003 - PLACE AMPÈRE,Angle Henry IV,45.753049,4.828297
6003,6003 - AVENUE VERGUIN,Devant l'entrée du parc,45.772846,4.856274
8024,8024 - MERMOZ / MICHELET,Angle av Michelet,45.733317,4.878607
7007,7007 - FARGE / AYASSE,Angle Bld Y. Farge / rue Commandant Ayasse,45.735741,4.827725
8038,8038 - ALBERT THOMAS / VILLON,Angle rue Villon,45.746691,4.867501
10072,10072 - JACQUES BREL,Rue Jacques Brel/angle rue Korel,45.774228,4.864269
6020,6020 - MUSÉE GUIMET,Angle rue Morellet,45.774526,4.848443
12001,12001 - LA SOIE,45 RUE DE LA POUDRETTE (VILLEURBANNE),45.760908,4.920569
10055,10055 - CONDORCET / GALLINE,Avenue Galline/angle av. de Condorcet,45.776428,4.866976
3094,3094 - VILLETTE,74 RUE DE LA VILLETTE,45.757808,4.861512
5044,5044 - CHAMPVERT,87 RUE DOCTEUR EDMOND LOCARD,45.7598,4.796561
10006,10006 - CHARPENNES (FAR),Place Charles Hernu / côté sud,45.770225,4.863102
9011,9011 - CONSERVATOIRE,Quai Chauveau / angle Pont Koenig,45.769803,4.812681
6012,6012 - PLACE PUVIS DE CHAVANNES,Angle rue Vendôme,45.771794,4.84459
8009,8009 - JEAN XXIII / MERMOZ,Boulevard Jean XXIII - Angle de la rue Mermoz,45.73648,4.869789
3036,03036 - FELIX FAURE / VIVIER MERLE,AVENUE FELIX FAURE ANGLE VIVIER MERLE. 10M AVANT VIVIER MERLE EN DIRECTION DU RHONE,45.75381,4.859795
10073,10073 - INSTITUT D'ART CONTEMPORAIN,Rue Docteur Dolard / Angle rue 4 Septembre,45.761468,4.872466
2035,2035 - CHILDEBERT / RIVIÈRE,,45.759842,4.835776
9014,9014 - QUAI DU COMMERCE,Angle rue Emile Duport,45.784334,4.812215
3097,3097 - AUGAGNEUR / FOSSE AUX OURS (FAR),28 QUAI VICTOR AUGAGNEUR,45.757192,4.840495
9022,9022 - RUE MASARYK / SAINT CYR,Angle rue Chinard/rue St Cyr,45.778639,4.8071
10112,10112 - PLACE DE LA RECONNAISSANCE,105 ROUTE DE GENAS (VILLEURBANNE),45.754415,4.885249
4024,04024 - LYON METROPOLE,FACE AU 81 QUAI JOSEPH GILLET,45.788204,4.818572
8041,8041 - ETATS UNIS / VIVIANI,170 Boulevard des Etats-Unis, Angle Avenue Viviani, direction Venissieux,45.724775,4.870745
2008,2008 - PLACE ANTONIN PONCET (FAR),Côté rue des Marroniers,45.756775,4.833917
1005,1005 - MEISSONNIER,Place Meissonier - Angle Sud-Est de la place,45.766073,4.832849
6040,6040 - LES HALLES,71 COURS LAFAYETTE,45.764013,4.849933
2022,2022 - PLACE CARNOT,Angle rue Plessier,45.751233,4.82688
4014,4014 - PHILIPPE DE LASSALLE / PILLEMENT,Angle rue Pillement,45.777431,4.820526
9029,9029 - SAINT PIERRE DE VAISE,Place Vanderpol/Angle St Pierre de Vaise,45.773125,4.807831
3099,3099 - PLACE SAINTE ANNE,10 PLACE SAINTE ANNE,45.757042,4.86532
8001,8001 - UNIVERSITÉ LYON III (FAR),Devant entrée principale de l'université,45.748535,4.861533
3005,3005 - SAXE-GAMBETTA (FAR),Place Victor Basch,45.75377,4.848043
10121,10121 - PARC DU CENTRE,ANGLE RUE BILLON / RUE F. DE PRESSENSE,45.771912,4.87907
10058,10058 - MÉTRO FLACHET,274 COURS EMILE ZOLA (VILLEURBANNE),45.767051,4.892467
8010,8010 - PLACE MENDÈS FRANCE,95 AV. DE L'EUROPE,45.740052,4.85941
3067,3067 - HACHETTE,6 RUE JEAN RENOIR,45.752907,4.863923
7055,7055 - SERVANT / JABOULAY,23 RUE RENAN,45.746779,4.842051
5002,5002 - PLACE DES COMPAGNONS DE LA CHANSON,Angle rue des Aqueducs,45.756535,4.796616
10084,10084 - DOUA / AVENUE DES ARTS,84 avenue des Arts,45.783533,4.871294
9042,9042 - VAISE DOCKS,92 RUE DU BOURBONNAIS,45.786533,4.811446
7013,7013 - HALLE TONY GARNIER,93–131 Avenue Tony Garnier 69007 Lyon,45.730786,4.823733
11003,11003 - LA ROCHETTE,Quai Gillet au  niveau de la place de la Rochette. Caluire et Cuire.,45.791748,4.823595
3039,3039 - PLACE BIR-HAKEIM,Au niveau de la rue Duvivier,45.752553,4.855756
3053,3053 - GAMBETTA / JUSSERAND (FAR),Angle cours Gambetta,45.751123,4.855604
2024,2024 - RÉPUBLIQUE / MAUPIN,Entre Herriot et République,45.758733,4.834136
1035,1035 - QUAI LASSAGNE,3 QUAI ANDRE LASSAGNE,45.772191,4.837917
2014,2014 - JACOBINS,3 RUE JEAN DE TOURNES,45.760762,4.834305
6037,6037 - CITÉ INTERNATIONALE / INTERPOL,Allée A. Lignon,45.782287,4.849378
10083,10083 - CHATEAU GAILLARD / BIENVENUS,2 RUE DES BIENVENUS,45.777873,4.884238
2017,2017 - RÉPUBLIQUE / FERRANDIÈRE (FAR),Rue de la République,45.762184,4.836023
8057,8057 - VIENNE / MONTAGNY,184 ROUTE DE VIENNE,45.732483,4.853406
3051,3051 - PLACE HENRI,Angle rue Docteur Long/av. Lacassagne,45.748193,4.880641
7014,7014 - MARSEILLE / FÉLISSENT,Rue Felissent, angle rue de Marseille,45.752989,4.841417
8007,8007 - FRÈRES LUMIÈRE,Angle rue Villon,45.745018,4.866424
9006,9006 - THÉÂTRE NOUVELLE GÉNÉRATION,Rue Tissot / angle rue de Bourgogne,45.777287,4.803297
10032,10032 - PRIMAT / DECORPS,Rue Antoine Primat/Angle rue Decorps,45.757173,4.89998
8021,8021 - PAUL SANTY,Place Général André - Face au 126 avenue Paul Santy,45.728542,4.877279
2001,2001 - BELLECOUR / RÉPUBLIQUE (FAR),Angle République / rue de la Barre,45.758,4.834594
2028,2028- SAINTE-BLANDINE,Face station tram Ste Blandine,45.744438,4.822152
2006,2006 - PLACE DE L'HIPPODROME,Angle cours Charlemagne,45.745528,4.82359
3021,3021 - PLACE DE LA FERRANDIÈRE,Intersection Ferrandière/Jasseron,45.759488,4.869346
8059,8059 - LAENNEC / PINEL,173 BVD PINEL (BRON),45.735375,4.88954
1003,1003 - PLACE SATHONAY,6 PLACE SATHONAY,45.769289,4.830127
2009,2009 - CONFLUENCE DOCKS,Sur l'esplanade entre la rue Hrant Dink et le 40 quai Rambaud,45.739652,4.814984
2011,2011 - SALA / RUE DU PLAT,Face à la faculté catholique,45.756813,4.828342
1001,1001 - TERREAUX / TERME,Angle rue d'Algérie,45.767736,4.832114
1016,1016 - PÊCHERIE,Rue de la Platière - Angle quai de la Pêcherie,45.765944,4.831089
7056,7056 - PLACE RASPAIL (FAR),4 PLACE RASPAIL,45.755783,4.840745
10103,10103 - DOUA / RUE DES SPORTS,103 ave des Arts / rue des Sports,45.784526,4.877482
10080,10080 - VAILLANT / PERRONCEL,96 RUE ALEXIS PERRONCEL (VILLEURBANNE),45.775409,4.880261
10074,10074 - ZOLA / PASSAGE REY,Cours E. Zola / Angle passage Rey,45.770099,4.876728
8015,8015 - BOULEVARD JEAN XXIII,RUE MARYSE BASTIE,45.740324,4.874192
3089,3089 - TRARIEUX / LACASSAGNE,221 AV. LACASSAGNE,45.745304,4.888964
5055,5055 - BUYER / APOLLINAIRE,101 AV. BARTHELEMY BUYER,45.762013,4.802751
10048,10048 - PLACE MARENGO,52 AV. MARC SANGNIER (VILLEURBANNE),45.759176,4.875958
10115,10115 - PLACE D'ESPAGNE / STADE KRUGER,173 AV. PAUL KRUGER (VILLEURBANNE),45.754181,4.90528
10063,10063 - PERRIN / JEAN JAURÈS,7 PLACE JULES GRANDCLEMENT (VILLEURBANNE),45.758399,4.885601
3085,3085 - SACRE COEUR,66 RUE ANTOINE CHARIAL,45.757864,4.868337
3024,3024 - ROCKEFELLER / ESQUIROL,Intersection Rockefeller / Esquirol,45.741336,4.885538
2041,2041 - SALA / CHARITE,44 RUE SALA,45.754468,4.833041
10086,10086 - ANATOLE FRANCE,Angle Rue de Préssensé / Flachet,45.769837,4.889629
7011,7011 - BERTHELOT / GARIBALDI,Rue Garibaldi - Angle avenue Berthelot,45.743756,4.847406
10117,10117 - LA PERALLIÈRE,166 RUE DU QUATRE AOUT (VILLEURBANNE),45.764567,4.892349
9041,9041 - CARRET / SÉDALLIAN,10 QUAI PAUL SEDAILLAN,45.792478,4.820567
9043,9043 - MARIETTON OUEST,,45.776087,4.799725
3091,3091 - HOPITAL NEUROLOGIQUE,54 BVD PINEL,45.748286,4.896975
1024,1024 - ROUVILLE,PLACE ROUVILLE,45.769684,4.824607
10035,10035 - BOIRON GRANGÉ,43 RUE PIERRE BARATIN (VILLEURBANNE),45.763139,4.900492
5005,5005 - SAINT PAUL,Près de la gare de St Paul,45.766278,4.827425
4041,4041 - BOUSSANGES / AUSTERLITZ,17 RUE D'AUSTERLITZ,45.775435,4.83512
5033,5033 - BORNE TEST (VILLEURBANNE),,45.780542,4.904933
6043,6043 - CITÉ INTERNATIONALE - CINÉMA,80 QUAI CHARLES DE GAULLE,45.784698,4.851896
3088,3088 - PLACE GUICHARD,65 RUE MAZENOD,45.75882,4.846453
10059,10059 - ANATOLE FRANCE / ZOLA,Rue Anatole France,45.76884,4.884276
8040,8040 - AMBROISE PARÉ,Face au 54 Boulevard Ambroise Paré,45.736289,4.883667
9040,9040 - PLACE RHODIACETA,1 PLACE DE LA RHODIACETA,45.770991,4.807578
6016,6016 - VIABERT / THIERS,Angle avenue Thiers,45.766002,4.86218
6008,6008 - PLACE JULES FERRY,17 PLACE JULES FERRY,45.7684,4.858972
5004,5004 - ST JEAN (FAR),Entre la cathédrale et le funiculaire,45.760468,4.826548
10030,10030 - GREUZE,126 RUE DU 8 MAI 1945 (VILLEURBANNE),45.773845,4.893851
10118,10118 - VOYANT / CHAMBORD,99 RUE PIERRE VOYANT (VILLEURBANNE),45.767194,4.900597
1022,1022 - PLACE TOLOZAN (FAR),Place Tolozan - Angle nord-est de la place,45.769508,4.837495
3031,3031 - CORNEILLE / SERVIENT,Angle rue Servient,45.759906,4.844511
10001,10001 - IUT / FEYSSINE,rue de la Technologie,45.785632,4.882366
3043,3043 - PLACE ROUGET DE L'ISLE,Avenue Lacassagne,45.753975,4.867336
6001,6001 - GARE DES BROTTEAUX,Place Jules Ferry angle rue Général Brosset face à la gare des Brotteaux,45.766893,4.858922
10114,10114 - BEL AIR / LES BROSSES,2 AV. DU BEL AIR (VILLEURBANNE),45.757931,4.910776
10071,10071 - LYCÉE MARIE CURIE,64 BVD EUGENE REGUILLON (VILLEURBANNE),45.761597,4.896386
10038,10038 - CONDORCET,Bvd 11 Nov./prox. arret tram Condorcet,45.779062,4.866874
10060,10060 - SAINT EXUPÉRY,Avenue Antoine Saint Exupery,45.758805,4.87889
4005,4005 - PLACE BERTONE,Rue du Chariot d'Or,45.77762,4.83453
7031,7031 - JAURÈS / GERLAND,42 Rue de Gerland 69007 Lyon,45.739827,4.840308
9050,9050 - ALLEE DE L'EUROPE,AVENUE DU PLATEAU,45.783698,4.794485
10087,10087 - BARATIN,Face au 115 rue Pierre Baratin,45.760603,4.900702
4026,04026 - BIRMINGHAM,Avenue Birmingham, sortie tunnel mode doux côté Saöne - 69000 Lyon,45.774574,4.813656
10041,10041 - KIMMERLING,1 PLACE KIMMERLING (VILLEURBANNE),45.752923,4.898891
2020,2020 - MUSEE DES CONFLUENCES,Parvis du musée des confluences,45.733388,4.818954
4001,4001 - CONSERVATOIRE BIS,,45.770392,4.814254
10043,10043 - SALENGRO / FEYSSINE,RUE DE LA FEYSSINE (VILLEURBANNE),45.782994,4.890614
5007,5007 - PLACE DE TRION,Place de Trion,45.757916,4.81317
3015,3015 - SERVIENT / GARIBALDI,Angle rue Garibaldi,45.760779,4.85276
8037,8037 - CAZENEUVE,Rue Paul Cazeneuve - Angle du boulevard des Etats-Unis,45.734027,4.862906
7018,7018 - LYCEE LOUISE LABE,2 Rue Crépet 69007 Lyon,45.740279,4.832061
2015,2015 - PLACE DE LA RÉPUBLIQUE (FAR),Côté est de la place,45.760698,4.836279
10056,10056 - 11 NOVEMBRE / GASTON BERGER,Avenue du 11 Nov./angle av Gaston Berger,45.779066,4.871581
3029,3029 - PLACE ARISTIDE BRIAND,Angle Gambetta,45.752967,4.850271
10061,10061 - RÉPUBLIQUE,Cours Emile Zola/Angle cours de la République,45.77081,4.872844
4003,4003- PLACE COMMANDANT  ARNAUD,Angle rue de Belfort,45.779731,4.834708
7064,7064 - CROUS,96 RUE CHEVREUL,45.74541,4.847843
4017,4017 - PLACE DES TAPIS,Angle Bvd de la Croix-Rousse,45.776002,4.829628
3082,3082 - PLACE BAHADOURIAN,160 RUE PIERRE CORNEILLE,45.757672,4.845111
10046,10046 - CHARMETTES/ZOLA,Rue des Charmettes/Angle Cours Emile Zola,45.770705,4.867201
7046,7046 - PLACE DE L'ECOLE,Angle rue de St Cloud,45.730083,4.82781
5050,5050 - THEATRE ROMAIN,1 RUE DE L'ANTIQUAILLE,45.758333,4.821075
7002,7002 - UNIVERSITÉS LYON III / LYON II (FAR),Quai Claude Bernard,45.751404,4.836395
3007,3007 - PLACE D'ARSONVAL (FAR),A côté du stand de fleurs,45.743396,4.87897
6007,6007 - MASSÉNA,Angle Cours Vitton,45.769654,4.852366
9051,9051 - ANDREI SAKHAROV,373 AV. ANDREI SAKHAROV,45.786546,4.797107
7012,7012 - PLACE DES PAVILLONS,Place des Pavillons - Devant la bibliothèque,45.7295,4.829697
7049,7049 - CITÉ SCOLAIRE INTERNATIONALE,27–33 Rue Alexander Fleming 69007 Lyon,45.727951,4.823563
6005,6005 - PLACE EDGAR QUINET,Devant le lycée,45.765811,4.844767
3002,3002 - PART-DIEU / GARE SNCF (FAR),1 PLACE CHARLES BERAUDIER,45.760139,4.85873
10102,10102 - DOUA / G. BERGER,ave G. Berger,45.781008,4.871219
6023,6023 - QUAI SARRAIL,Niveau rue de Sèze,45.766821,4.841095
7034,7034 - PISCINE DU RHÔNE,Sur le quai devant l'entrée de la piscine,45.753705,4.838283
1020,1020 - TERREAUX / CHENAVARD,Rue Chenavard - Côté place des Terreaux,45.766763,4.832942
10064,10064 - 4 AOÛT 1789,Angle Rue Rollet/Blanqui,45.764812,4.884311
7010,7010 - CENTRE BERTHELOT,Rue Pasteur - Angle avenue Berthelot,45.747358,4.836009
10101,10101 - EINSTEIN / BOULEVARD DU 11 NOVEMBRE,43 BVD DU 11 NOVEMBRE 1918 (VILLEURBANNE),45.779429,4.873992
11001,11001 - GARE DE CUIRE,2 RUE CLAUDE BERNARD (CALUIRE ET CUIRE),45.785796,4.833733
7022,7022 - JAURÈS / LAGRANGE,16 Impasse du Pré Gaudry 69007 Lyon,45.743975,4.841463
3102,3102 - DR LONG / AUBEPINS,135 COURS DOCTEUR LONG,45.75254,4.894272
10088,10088 - 4 AOÛT 1789 / PRESSENSÉ,COURS EMILE ZOLA (VILLEURBANNE),45.766219,4.89788
7020,7020 - PARC DE GERLAND,Allée Pierre de Coubertin,45.724352,4.826821
10031,10031 - CROIX LUIZET,sur la place Croix Luizet,45.780679,4.88356
5054,5054 - CHAMPVERT,192 AV. BARTHELEMY BUYER,45.763906,4.792643
4011,4011 - PLACE JEAN AMBRE,Place Jean Ambre,45.781574,4.832866
1002,1002 - OPÉRA (FAR),Angle rue Serlin - Angle place de la comédie,45.767524,4.836306
2042,2042 - JOFFRE / VAUBECOUR,43 RUE VAUBECOUR,45.751873,4.824763
9032,9032 - PLACE DU PORT MOUTON,Quai Arloing, Côté Saône,45.773815,4.809566
11002,11002 - SAINT CLAIR,49 COURS ARISTIDE BRIAND (CALUIRE),45.785465,4.847838
3003,3003 - PART-DIEU / DERUELLE (FAR),Face rue Massena, entrée centre commercial,45.762974,4.855071
9002,9002 - MAIRIE DU 9°,Prox. métro Valmy,45.774241,4.805676
10039,10039 - BOUVIER,Rue Professeur Bouvier/Angle rue du 8 mai 1945,45.779487,4.891692
6006,6006 - BOULEVARD DES BELGES,Boulevard des Belges - Angle rue Duquesne,45.773304,4.852001
10002,10002 - INSA (FAR),Avenue Albert Einstein au niveau du virage,45.782222,4.876951
7016,7016 - PLACE SAINT LOUIS,Rue de la Madeleine - Angle rue St Lazarre,45.748925,4.847714
5008,5008 - SAINTE IRÉNÉE,Place Sainte Irénée,45.754978,4.812427
10054,10054 - STALINGRAD / MELIÈS,RUE GEORGES MELIES (VILLEURBANNE),45.776715,4.859573
1021,1021 - TERREAUX / BEAUX ARTS,Rue Herriot - Devant Musée des Beaux Arts,45.766832,4.834267
2007,2007 - PATINOIRE CHARLEMAGNE,Angle rue Casimir Périer,45.742617,4.820464
8004,8004 - MAIRIE DU 8ÈME,Devant la mairie du 8e,45.735158,4.872803
3044,3044 - QUAI AUGAGNEUR (FAR),Entre rue de Bonnel et rue Rabelais,45.762023,4.841053
3001,3001 - PART-DIEU / VIVIER MERLE (FAR),Derrière la station de tram,45.76027,4.858454
10025,10025 - TOTEM,,45.763652,4.873158
8034,8034 - BERTHELOT / VILLON,Angle avenue Berthelot,45.738301,4.862727
3084,3084 - DESAIX,143 RUE PAUL BERT,45.757268,4.855193
5026,5026 - RUE DE LA BALEINE,Angle quai Romain Rolland,45.763383,4.829024
3038,3038 - VIVIER MERLE / PAUL BERT,Devant le bâtiment de la CAFAL,45.757415,4.858911
3079,3079 - PLACE LOUISE,4 PLACE LOUISE,45.75118,4.884795
2025,2025 - MERCIÈRE / FERRANDIÈRE,Entre rue de Brest et rue Mercière,45.762054,4.833194
7004,7004 - MAIRIE DU 7ÈME (FAR),Place Jean Macé - Face à la mairie,45.74656,4.842265
5031,5031- MENIVAL/J.CURIE,49 RUE JOLIOT CURIE,45.754654,4.78821
2039,2039 - CHARITÉ / RÉCAMMIER,86 RUE DE LA CHARITE,45.749257,4.82984
5041,5041 - L'HOMME DE LA ROCHE,55 QUAI PIERRE SCIZE,45.766537,4.819936
5009,5009 - PLACE FOUSSERET,angle quai de Bondy,45.764695,4.828969
8030,8030 - LAËNNEC,Angle rue Nungesser et Coli,45.741425,4.879733
5036,5036 - LA SALETTE,104 RUE DU COMMANDANT CHARCOT,45.749627,4.795546
8003,8003 - CLAUDE BERNARD LYON I,Devant entrée de la fac,45.738135,4.886885
3100,3100 - SISLEY / DAUPHINE,61 RUE DU DAUPHINE,45.752779,4.868748
10027,10027 - MAIRIE DE VILLEURBANNE,Avenue Aristide Briand, en face de la mairie,45.766861,4.880059
1012,1012 - AMPÈRE / BOURSE,Rue de la Bourse - Long du Collège-Lycée Ampère,45.765789,4.836906
10036,10036 - STALINGRAD,Boulevard Stalingrad/angle rue Charlie Chaplin,45.77435,4.859157
2030,2030 - RÉPUBLIQUE / POULAILLERIE (FAR),Angle Poulaillerie / République,45.764079,4.835554
8051,8051 - HÔPITAL ST JEAN DE DIEU,303 ROUTE DE VIENNE (VENISSIEUX),45.724172,4.854165
7057,7057 - JAURES / BOLLIER,217b–221 Avenue Jean Jaurès 69007 Lyon,45.734712,4.835486
7052,7052 - PARC BLANDAN,Rue de l'Epargne,45.745939,4.851214
7001,7001 - PLACE GABRIEL PÉRI (FAR),Place Gabriel Péri,45.754875,4.843627
6036,6036 - MUSÉE D'ART CONTEMPORAIN (FAR),Allée A. Lignon,45.783885,4.852156
7005,7005 - DEBOURG,Avenue Debourg - Angle avenue Jean Jaurès,45.73182,4.833996
8052,8052 - CLINIQUE MONPLAISIR,2 AV. DES FRERES LUMIERE,45.747032,4.859612
6011,6011- MAIRIE DU 6ÈME,Angle rue Boileau,45.768395,4.849402
7061,7061 - JAURES / UNIVERSITE,64 AV. JEAN JAURES,45.748545,4.843249
10013,10013 - CUSSET,103 RUE PIERRE VOYANT (VILLEURBANNE),45.764961,4.901018
2005,2005 - CONFLUENCE HÔTEL DE RÉGION,101 cours Charlemagne Lyon 2 direction centre ville. Devant l'hôtel de Région,45.740675,4.819284
1032,1032 - PIZAY (FAR),17 RUE PIZAY,45.767165,4.836334
5030,5030 - CHARCOT / RÉSIDENCE UNIVERSITAIRE,Angle rue du fort Ste Irénée / Charcot,45.755054,4.807811
8039,8039 - PIERRE DELORE,97 ROUTE DE VIENNE,45.738617,4.852412
7062,7062 - GARIBALDI / DOMER,51 RUE DOMER,45.747735,4.85162
2002,2002 - BELLECOUR / ST EXUPÉRY,PLACE BELLECOUR Côté rue Lintier,45.758149,4.830428
3087,3087 - PART-DIEU / GARIBALDI,4 BVD EUGENE DERUELLE,45.762768,4.852563
9004,9004 - GARE DE VAISE,Face entrée de la gare,45.779786,4.804666
8002,8002- PLACE AMBROISE COURTOIS,Face au cours Albert Thomas,45.745296,4.871604
10007,10007 - PIATON / CONDORCET,Av Piaton / angle Condorcet,45.774204,4.867512
9033,9033 - GORGE DE LOUP,49 RUE SGT BERTHET,45.767484,4.805626
5001,5001 - PLACE VARILLON (FUNICULAIRE ST JUST),Devant le n°63 rue de Trion,45.757319,4.815064
3018,3018 - CRÉQUI / VOLTAIRE,Angle rue Paul Bert,45.756596,4.848442
